Rank,Domain,Keywords in SERPs,Estimated organic traffic
1000,bukalapak.com,2267803,25644725.34
999,etonline.com,2269179,22563909.51
998,zazzle.com,2269651,11388412.27
997,indiatvnews.com,2270997,101787009.2
996,lyricslayers.com,2273511,5890377.646
995,holidify.com,2276042,189497575.8
994,moviefone.com,2282282,14758195.78
993,deepl.com,2282798,887293361.3
992,vocal.media,2284377,9088551.151
991,shaalaa.com,2287521,21933891.05
990,collegedunia.com,2287645,63168950.23
989,societe.com,2291081,8838745.022
988,bu.edu,2291939,22666652.04
987,verywellfit.com,2292125,70577784.31
986,ludwig.guru,2292284,14217157.32
985,argentina.gob.ar,2292693,105323213.5
984,bild.de,2295980,68878124.41
983,financialexpress.com,2299060,66474141.56
982,parents.com,2302934,37299937.34
981,seattletimes.com,2305385,16872338.7
980,carousell.com.my,2307979,8020801.633
979,naukri.com,2312068,116319522.5
978,redalyc.org,2315729,9121511.018
977,nhk.or.jp,2316017,143227787.5
976,nj.com,2316284,23784367.66
975,imgur.com,2319191,5414598.065
974,wikiquote.org,2321500,17278697.87
973,minitool.com,2324128,14934257.97
972,yardbarker.com,2330922,34018829.1
971,jdpower.com,2331488,35420839.77
970,cvent.com,2333646,17983643.76
969,tripadvisor.es,2334716,164454181.3
968,giftly.com,2339725,5277198.603
967,bookmyshow.com,2341978,206999059.2
966,pcgamesn.com,2345568,29645336.71
965,bible.com,2346236,54945386.56
964,cleartax.in,2348115,156501437.9
963,lyst.com,2348488,22183991.52
962,socratic.org,2351729,34707103.78
961,physio-pedia.com,2353703,66514255.31
960,autoblog.com,2357475,22778078.89
959,tripadvisor.it,2366341,171830059.6
958,bigl.ua,2367077,2732706.087
957,mapion.co.jp,2372258,34099570.95
956,tripadvisor.com.au,2375607,108255330.5
955,cnnindonesia.com,2377230,99195026.99
954,ncsu.edu,2382138,49773816.91
953,asahi.com,2383621,64695540.13
952,jalan.net,2384738,188224016.6
951,bhaskar.com,2386298,78017159.58
950,francebleu.fr,2387216,21219736.71
949,mawdoo3.com,2387235,51778597.02
948,google.com.br,2389638,39973329.3
947,aliexpress.ru,2390088,3195894.339
946,udemy.com,2392369,34468978.77
945,meinestadt.de,2396161,14766189.46
944,gouv.qc.ca,2396696,44617708.5
943,ticketmaster.com,2397518,129794706
942,utexas.edu,2400971,32399366.69
941,niche.com,2403507,60260881.45
940,elcinema.com,2404711,31775212.04
939,openedition.org,2404758,8520894.709
938,mail.ru,2405463,10847941.99
937,biblestudytools.com,2410701,114673473.4
936,mensjournal.com,2412844,19287105.18
935,biblegateway.com,2413248,154677322.1
934,allegro.pl,2414700,117281336.8
933,hellomagazine.com,2414840,26652740.68
932,theculturetrip.com,2415605,14708007.61
931,linternaute.com,2415607,42072071.76
930,unesco.org,2415711,71350833.83
929,offerup.com,2418005,6538003.737
928,noon.com,2421847,23284150.53
927,denofgeek.com,2427244,11934768.22
926,tsn.ua,2427757,36264283.1
925,beebom.com,2432743,20596718.42
924,housebeautiful.com,2440309,52692784.72
923,soccerway.com,2444515,61741587.92
922,allure.com,2445585,125650687.9
921,shafa.ua,2445669,8319844.075
920,ebay.it,2447057,19582969.8
919,welt.de,2448124,22925719.88
918,tesco.com,2451663,87569255.87
917,faz.net,2454124,32725196.64
916,self.com,2456157,19107472.12
915,okdiario.com,2458606,23697670.23
914,meteoblue.com,2463414,36959441.6
913,news.com.au,2464319,18829288.85
912,pharmeasy.in,2467502,110538178.8
911,typeset.io,2470209,8780924.915
910,brainly.lat,2476769,16500713.75
909,worldatlas.com,2476925,58130946.64
908,nasdaq.com,2477338,176178002.3
907,libguides.com,2478183,32019884.73
906,audible.com,2478631,21545589.8
905,getyourguide.com,2479233,20400630.16
904,pressreader.com,2480212,13953293.03
903,grammarly.com,2481510,188647814
902,planetofhotels.com,2482256,5826714.259
901,cargurus.com,2482802,47353257.13
900,komoot.com,2484211,15445616.19
899,ucla.edu,2484853,32253584.33
898,axios.com,2486156,22483336.1
897,indiewire.com,2486328,20445975.48
896,calculator.net,2490225,356440876.2
895,lovetoknow.com,2491571,23605195.01
894,vanityfair.com,2493592,26147597.66
893,cylex.us.com,2495713,1940929.724
892,postmates.com,2499834,13496778.45
891,purewow.com,2501862,18214511.5
890,pappers.fr,2505628,18530864.9
889,linguee.fr,2506333,71413424.91
888,thriftbooks.com,2509339,19212027.56
887,ohio.gov,2510040,37060838.44
886,hola.com,2510743,32423767.48
885,distractify.com,2512750,14183699.44
884,coursera.org,2523658,110549420.3
883,journaldesfemmes.fr,2528178,74311937.96
882,chicagotribune.com,2530042,13017017.62
881,arxiv.org,2531141,15221406.84
880,fandango.com,2535176,135019150.9
879,teenvogue.com,2535333,39777545.7
878,usgs.gov,2541091,69318990.44
877,simplyhired.com,2541129,13939574.32
876,cuemath.com,2544816,325472585.5
875,hotelscombined.com,2547248,15254664.42
874,univision.com,2547715,18407628.27
873,bizjournals.com,2548138,8706293.754
872,skyscanner.net,2548691,61707890.99
871,resetera.com,2549925,8611744.592
870,singleplatform.com,2551743,22027668.3
869,artstation.com,2552776,11276539.8
868,streetdirectory.com,2553550,33069303.37
867,aafp.org,2559297,31330684.48
866,studysmarter.co.uk,2561270,19863197.57
865,leverageedu.com,2563498,76748063.82
864,newegg.com,2564224,15542011.18
863,gotquestions.org,2569484,46018745.82
862,ubuy.com,2577285,2029785.501
861,free.fr,2581843,22264461.02
860,educalingo.com,2582359,4627587.291
859,ihg.com,2583038,106691066
858,fool.com,2584333,57216672.38
857,oregon.gov,2585527,26512206.13
856,dot.gov,2586836,36986339.5
855,tradingview.com,2587212,205811274.1
854,weblio.jp,2595855,229492027.3
853,yellowpages.ca,2597709,24620270.67
852,my-best.com,2601356,109966173.8
851,365scores.com,2605563,98718790.67
850,bankrate.com,2606795,245929669.5
849,argos.co.uk,2609340,71629538.98
848,army.mil,2609708,54060413.94
847,unc.edu,2617466,33900727.1
846,pikiran-rakyat.com,2624316,22707851.66
845,forvo.com,2624590,10917540.08
844,ct.gov,2626259,27791167.88
843,w3schools.com,2627227,159862385.6
842,songmeanings.com,2627878,14735247.82
841,motortrend.com,2628731,31244215.7
840,songtexte.com,2631307,16885588.74
839,pinterest.jp,2638489,64145378.6
838,state.mn.us,2639587,41393725.07
837,meesho.com,2643480,82054624.84
836,whosampled.com,2644402,8607217.689
835,picclick.com,2644605,1479127.709
834,infinitylearn.com,2651156,46226039.55
833,aiscore.com,2652344,96593805.86
832,tubitv.com,2652702,43447078.72
831,20minutes.fr,2653567,48981730.58
830,worldbank.org,2659189,43215150.84
829,androidauthority.com,2660642,23173120.37
828,chip.de,2663945,53970489.31
827,hgtv.com,2665152,78797730.36
826,vinmec.com,2665946,42491829.7
825,carfax.com,2666516,167275197.4
824,nexusmods.com,2668288,21254338.17
823,ukr.net,2668985,33551162.97
822,abril.com.br,2671935,43394019.4
821,allocine.fr,2673426,175009240.6
820,illinois.edu,2676396,31208684.79
819,eltiempo.com,2678644,47465811.09
818,marketscreener.com,2679512,35892580.12
817,heb.com,2681355,38603840.55
816,metafilter.com,2683251,9473556.122
815,prevention.com,2684317,45985109.9
814,actu.fr,2686593,30179453.18
813,momondo.com,2690787,31071227.54
812,hse.ie,2696081,19726606.48
811,architecturaldigest.com,2696134,60581842.14
810,smithsonianmag.com,2703143,28781583.12
809,hrs.com,2703548,12492912.82
808,michelin.com,2703713,81675956.87
807,usembassy.gov,2705366,55781504.23
806,otto.de,2705513,37286546.83
805,dell.com,2707385,49752781.77
804,steemit.com,2712505,13585250.78
803,wikivoyage.org,2713833,46844104.66
802,klarna.com,2716219,16726697.63
801,acs.org,2716341,26341808.77
800,thewrap.com,2719074,18964577.37
799,grid.id,2720471,38290989.7
798,gymglish.com,2720574,18691248.12
797,apkcombo.com,2721120,17724368.37
796,illinois.gov,2723749,43763676.82
795,elcomercio.pe,2724480,39694488.1
794,ox.ac.uk,2728013,24163083.31
793,hotelplanner.com,2728788,31588846.2
792,findlaw.com,2730588,41361431.78
791,gramedia.com,2733195,125334764.8
790,cedars-sinai.org,2739287,50898187.97
789,bonappetit.com,2739650,72588379.46
788,goibibo.com,2751061,181932422.9
787,verizon.com,2755984,100015086.9
786,idealo.de,2757016,36289175.33
785,utah.edu,2757984,25830254.07
784,udn.com,2760143,40347380.4
783,lenovo.com,2762149,60005078.23
782,weather.gov,2763514,214905667.5
781,maryland.gov,2765665,41984778.79
780,diy.com,2766541,70750371.65
779,doubtnut.com,2769128,28228761.59
778,thetimes.com,2769682,21642781.92
777,bfmtv.com,2772260,42123963.71
776,msu.edu,2776568,29052093.17
775,ycombinator.com,2779097,15991631.5
774,arcgis.com,2783268,33154205.04
773,tabelog.com,2783596,366034632.6
772,idntimes.com,2785254,57092647.95
771,globalnews.ca,2785744,39684494.69
770,farfetch.com,2786057,51928757.12
769,toasttab.com,2788411,31149567.23
768,spiegel.de,2788790,53993101.4
767,daum.net,2792354,16681194.24
766,seamless.com,2794647,29681441.73
765,scielo.br,2796119,20043449.25
764,spiceworks.com,2796125,27472306.9
763,google.com.ua,2797007,28036917.55
762,mo.gov,2797822,42461557.94
761,shopee.com.br,2797824,60943165.88
760,kakaku.com,2798481,115272086.6
759,gq.com,2799183,29399189.5
758,lastminute.com,2804789,35427498.47
757,aajtak.in,2813019,209654620.1
756,stern.de,2813914,23409358.1
755,wordwall.net,2814422,20203008.08
754,gaana.com,2815223,100151766.9
753,data.gouv.fr,2818355,26110778.49
752,merckmanuals.com,2821107,42278180.78
751,thebump.com,2821606,81147341.28
750,ed.gov,2822911,35782494.51
749,www.gob.mx,2824385,139001468.3
748,decider.com,2824596,14645270.51
747,zmenu.com,2828998,6748301.216
746,patient.info,2830975,20200373.93
745,ozon.ru,2832604,2726510.186
744,uchicago.edu,2833116,21063198.47
743,lazada.co.id,2834018,85801963.55
742,nj.gov,2836247,38828881.01
741,mnemonicdictionary.com,2837057,13619763.42
740,churchofjesuschrist.org,2841441,57133722.37
739,cylex-uk.co.uk,2844708,10294858.27
738,ingles.com,2850358,132062524.9
737,urdupoint.com,2852312,90764697.79
736,osu.edu,2853912,31953373.73
735,livestrong.com,2859302,14880093.36
734,youm7.com,2864926,57357630.79
733,t.me,2871365,57956155.39
732,wikimapia.org,2871423,8102225.023
731,dickssportinggoods.com,2873397,107028237.8
730,nintendo.com,2874288,123856041.2
729,aptoide.com,2874569,30202032.64
728,untappd.com,2875352,13004885.75
727,verywellmind.com,2878384,134808082.2
726,t-online.de,2878692,40931915.47
725,dribbble.com,2880238,18560347.7
724,translated.net,2885334,38616139.59
723,ieee.org,2895099,17266762.48
722,pixiv.net,2903045,175665303
721,irs.gov,2905060,186915478.9
720,france24.com,2906083,28210298.81
719,trendyol.com,2909243,143597977.5
718,slate.com,2909794,21772658.56
717,delish.com,2910348,122738234.7
716,livehindustan.com,2915477,149617304.8
715,pa.gov,2916728,50169303.77
714,restaurantji.com,2916749,4087866.733
713,momjunction.com,2920772,27051046.04
712,firstcry.com,2924262,51148374.87
711,prokerala.com,2924393,97356382.32
710,washington.edu,2925976,33666326.81
709,menards.com,2933063,39942520.47
708,pinkvilla.com,2937198,28105605.6
707,vaia.com,2937730,11183273.78
706,ucdavis.edu,2940658,38259919.87
705,tripadvisor.de,2940737,123983859
704,corriere.it,2941499,87258790.97
703,zara.com,2941648,101983487.6
702,walmart.ca,2943284,59967671.89
701,nme.com,2951666,21887390.47
700,kompass.com,2958659,7154469.08
699,bartleby.com,2974852,9041882.316
698,google.co.id,2986735,238529615.7
697,ck12.org,2990010,150744424.7
696,songfacts.com,2997971,17793550.07
695,michigan.gov,3002561,41807607.42
694,hilton.com,3003819,232027808.1
693,zendesk.com,3007796,39380294.4
692,lww.com,3007910,12269739.36
691,cars.com,3009944,171940647.1
690,upenn.edu,3011594,26785487.3
689,birdeye.com,3013079,6457202.028
688,bustle.com,3013945,11140623.25
687,ea.com,3023951,76047463.76
686,marthastewart.com,3029190,68374388.05
685,casetext.com,3034216,8470655.448
684,zdnet.com,3036353,43601565.67
683,reserving.com,3043492,10601070.34
682,priceline.com,3045604,36077413.29
681,findmeglutenfree.com,3045917,17524530.01
680,news-medical.net,3047449,33006053.7
679,edmunds.com,3053203,156941127.5
678,kaiserpermanente.org,3054776,38869664.16
677,seriouseats.com,3061822,76288979.15
676,purdue.edu,3062766,88304212.76
675,in.gov,3074963,44302482.1
674,byrdie.com,3087271,75287419.22
673,eurogamer.net,3088566,22537943.13
672,menupix.com,3094701,5700298.635
671,pennmedicine.org,3095233,113572085
670,pcgamer.com,3106500,36511220.65
669,smh.com.au,3108475,19231565.88
668,familysearch.org,3126856,38285103.1
667,hp.com,3127228,79038179.09
666,tuasaude.com,3127421,138630793
665,bringfido.com,3129328,24090501.53
664,kbb.com,3129330,139626419.9
663,unam.mx,3130879,54521981.97
662,foodandwine.com,3134779,108781997.8
661,focus.de,3140986,32100378.56
660,pixnet.net,3145893,30311308
659,oracle.com,3147338,61963939.19
658,walgreens.com,3152323,129951847.6
657,angi.com,3155278,97846806.99
656,samsclub.com,3157019,78279618.04
655,theatlantic.com,3159714,41063825.88
654,babycenter.com,3184476,55881944.74
653,amarujala.com,3188010,149113719.2
652,clarin.com,3196740,56489413.32
651,cinemablend.com,3199504,17439582.95
650,fc2.com,3212199,28795523.81
649,rent.com,3213011,48858133.05
648,langeek.co,3217318,17880839.43
647,elconfidencial.com,3219552,28646690.34
646,nikkei.com,3223394,95074697.8
645,lonelyplanet.com,3224668,68021980.77
644,mercadolibre.com.co,3225960,55833697.68
643,eatingwell.com,3228649,80160815
642,chordify.net,3238418,6696635.102
641,tutorialspoint.com,3249407,43024513.91
640,squarespace.com,3252009,20720676.47
639,lyricstranslate.com,3252650,7363724.744
638,howtopronounce.com,3259508,20530617.88
637,docomo.ne.jp,3259792,94760489.25
636,leparisien.fr,3260100,37091342.98
635,mass.gov,3271517,44482386.66
634,yell.com,3281260,27024573.8
633,core.ac.uk,3285207,7320629.343
632,apkpure.net,3288274,49114238.01
631,roadtrippers.com,3291853,14391851.37
630,tripadvisor.fr,3297907,163390263.7
629,epicentrk.ua,3299368,31820168.69
628,francetvinfo.fr,3302549,61752818.98
627,mlb.com,3316869,457578287
626,magazineluiza.com.br,3320134,138322130.6
625,tripadvisor.in,3330388,561333671.9
624,amazon.com.mx,3333104,107325508.6
623,bol.com,3333979,44484363.35
622,wynk.in,3334435,135314863
621,roku.com,3339566,39637364.09
620,prtimes.jp,3345779,55339971.61
619,ctvnews.ca,3346557,45378216.13
618,usmagazine.com,3359572,53857324.27
617,apa.org,3360890,59716223.72
616,wisc.edu,3363189,50177917.38
615,eonline.com,3365381,35967565.76
614,allmusic.com,3365755,22475991.82
613,navitime.co.jp,3370395,123825326
612,omnicalculator.com,3376194,227925924.2
611,tripadvisor.co,3377848,27875467.43
610,bilibili.tv,3378490,35976611.56
609,ancestry.com,3385644,38614081.66
608,wanderlog.com,3388003,16655345.77
607,vice.com,3395988,14513900.24
606,epa.gov,3397954,82668665.63
605,homes.com,3400333,68691666.37
604,berkeley.edu,3402911,45172123.89
603,etymonline.com,3407486,18005832.14
602,mercadolibre.com.ar,3409023,120762539.3
601,larousse.fr,3412723,211480333.4
600,wordsmyth.net,3421440,25531360.6
599,masterclass.com,3429841,66517233.25
598,fortune.com,3432995,44987068.74
597,smule.com,3445436,28701172.7
596,nike.com,3451318,343514678.3
595,travelandleisure.com,3453263,88661909.89
594,history.com,3472924,136740104.4
593,pinterest.fr,3478710,58664037.77
592,glamour.com,3482183,55391775.67
591,lyrics.com,3490141,15250301.58
590,nyc.gov,3497424,99409828.05
589,cdiscount.com,3502965,36640308.11
588,skysports.com,3504092,325326940.2
587,spanishdict.com,3504369,128180226.8
586,lanacion.com.ar,3506722,101172643
585,yale.edu,3511178,31343232.51
584,nhsinform.scot,3511331,95553680.88
583,howtogeek.com,3514231,26699740.65
582,abc.es,3516320,51250539.91
581,trivago.com,3519834,70835181.5
580,caranddriver.com,3520528,181755382.1
579,rae.es,3525173,432732079.3
578,superuser.com,3528146,18324185.01
577,loopnet.com,3530174,20207295.74
576,pitchbook.com,3533737,24797590.59
575,virginia.gov,3551949,55653608.33
574,blibli.com,3552681,126090241.1
573,pngegg.com,3555614,11232015.29
572,ebay.fr,3560661,15027398.68
571,sky.com,3563430,75649328.02
570,vox.com,3564796,36431239.35
569,pressbooks.pub,3568151,25644569.7
568,capcut.com,3571477,28165216.79
567,cntraveler.com,3577433,105845759.4
566,unirioja.es,3584849,14681412.03
565,vrbo.com,3586993,40207222.86
564,tvinsider.com,3587291,48235125.4
563,comicbook.com,3596990,11939429.27
562,instacart.com,3613067,64998606.84
561,jamanetwork.com,3619691,20580403.57
560,wondershare.com,3621066,31023841.02
559,terra.com.br,3622986,129369534.8
558,thespruceeats.com,3624554,98938160.65
557,fastercapital.com,3637146,7647284.68
556,rochester.edu,3641395,55733444.38
555,kohls.com,3644666,91250178.13
554,mozilla.org,3646621,104499577.8
553,jagranjosh.com,3652209,170896027.7
552,livescience.com,3666371,56493223.35
551,teacherspayteachers.com,3667306,23887841.45
550,moneycontrol.com,3673071,1019889892
549,20minutos.es,3674536,42028197.78
548,johnlewis.com,3680235,56338694.86
547,noaa.gov,3689053,142497021.8
546,cvs.com,3689901,162654357.3
545,unacademy.com,3692557,187367047.2
544,fodors.com,3693452,28389396.39
543,ufl.edu,3693976,52525712.74
542,thekitchn.com,3697024,91669069.74
541,rogerebert.com,3697491,47314252.35
540,mynavi.jp,3698653,114008362
539,consumerreports.org,3705780,54423868.24
538,shopify.com,3709287,138604743.4
537,lumenlearning.com,3709480,35830495.79
536,chron.com,3710823,18377598.22
535,healthgrades.com,3718722,35959668.61
534,fda.gov,3742350,77727633.16
533,yelp.ca,3763776,91517809.56
532,nymag.com,3769218,57073284.16
531,ebay.com.au,3769492,18625032.89
530,the-sun.com,3774176,28139377.26
529,tasteofhome.com,3786662,91075533.09
528,bmj.com,3787750,23242299.55
527,oxfordreference.com,3791160,28286889.66
526,nerdwallet.com,3794146,275479595.5
525,rd.com,3799590,67670640.35
524,mapcarta.com,3800679,8320210.099
523,scmp.com,3806751,36316619.47
522,mappy.com,3807052,69673729.97
521,asos.com,3814380,71181636.06
520,cbssports.com,3815500,284019756.2
519,zippia.com,3816838,15455581.81
518,iheart.com,3818895,36258678.29
517,columbia.edu,3823939,42472451.17
516,newyorker.com,3829950,43495084.2
515,filmaffinity.com,3834370,90041969.79
514,traveloka.com,3838081,117151674.8
513,si.edu,3871161,115855142.8
512,olympics.com,3876690,236052863.2
511,aljazeera.com,3876935,152991433.9
510,azlyrics.com,3877272,67318943.3
509,psychologytoday.com,3880612,69777901.97
508,rakuten.com,3882921,24927373.91
507,shiksha.com,3883432,257225500.9
506,hamariweb.com,3885564,142544488.4
505,pinterest.de,3886358,81975915.04
504,refinery29.com,3892514,17343124.38
503,trulia.com,3896602,140555633.1
502,eater.com,3899373,178929133.4
501,xbox.com,3901236,108405511.7
500,timesnownews.com,3904394,63287256.42
499,bhg.com,3905201,76395061.94
498,aaa.com,3921295,98321841.7
497,va.gov,3926766,68085526.1
496,legacy.com,3947415,78796798.39
495,powerthesaurus.org,3972151,29675802.92
494,aol.com,3972514,41933365.65
493,tripadvisor.ca,3973745,262482846.1
492,marketwatch.com,3980475,551723047.2
491,aarp.org,3994655,55412709.24
490,harpersbazaar.com,4011226,63485535.36
489,justia.com,4015127,33356682.83
488,bleacherreport.com,4020264,89227992.66
487,giphy.com,4023896,75270074.17
486,jagran.com,4030909,122088787
485,hinkhoj.com,4033142,225188122.4
484,famousbirthdays.com,4034095,65746204.61
483,grubhub.com,4042147,187379181
482,ibm.com,4042227,117598154.5
481,drugs.com,4045183,135000585.9
480,tureng.com,4046063,64897526.54
479,lawinsider.com,4047065,29253121.34
478,semanticscholar.org,4059414,7774413.026
477,thepioneerwoman.com,4065857,139872502.5
476,bing.com,4067241,105043905
475,thespruce.com,4084061,139992799
474,wise.com,4093077,790957677.7
473,livejournal.com,4093882,7421392.673
472,nordstrom.com,4095084,273312846.4
471,plex.tv,4096023,47642243.78
470,umn.edu,4096305,49847999.65
469,amazon.com.br,4111629,125861654.3
468,leboncoin.fr,4119867,71783239.69
467,coursehero.com,4122038,12668356.11
466,timeanddate.com,4126630,881912898.4
465,apartments.com,4127349,225771425.7
464,foxnews.com,4129255,115024178.4
463,liputan6.com,4132843,159088986.7
462,foxsports.com,4149022,226821080.7
461,fnac.com,4149948,45502722.59
460,alltrails.com,4159319,77878381.91
459,food.com,4163492,111451799.3
458,playstation.com,4171218,151300735.8
457,countryliving.com,4172985,96674331.46
456,uptodate.com,4174715,60456811.62
455,realsimple.com,4184840,80156319.91
454,klook.com,4195781,75910330.78
453,vogue.com,4205521,73516931.55
452,digitalspy.com,4211303,28210000.93
451,kroger.com,4218370,64071733.32
450,javatpoint.com,4225853,117380250.2
449,metro.co.uk,4231506,28357827.98
448,shopee.co.id,4237798,261267824.9
447,wayfair.com,4238484,131044575.7
446,archiveofourown.org,4239891,28165090.93
445,mumsnet.com,4246216,18640592.05
444,orbitz.com,4246768,49399720.49
443,kumparan.com,4259432,178751492.6
442,vectorstock.com,4265699,40379299.84
441,techtarget.com,4272084,210862599.2
440,123rf.com,4283442,13152242.25
439,almaany.com,4290532,71180483.38
438,mercadolibre.com.mx,4290865,225920792
437,business-standard.com,4294154,149267994.8
436,viator.com,4295845,58273314.82
435,theknot.com,4301103,118092419.6
434,nps.gov,4307054,244033563.6
433,euronews.com,4316088,41914066.46
432,huffpost.com,4328014,36810983.07
431,sportingnews.com,4335557,72361582.7
430,investing.com,4340892,360830476.3
429,yumpu.com,4346983,5920288.704
428,definitions.net,4348277,23441028.77
427,psu.edu,4360620,49939353.25
426,pinterest.co.uk,4368595,107132196.3
425,opentable.com,4371296,269276723.8
424,dw.com,4375921,30873800.48
423,everydayhealth.com,4380650,41300088.93
422,dexerto.com,4386243,29102374.96
421,nationalgeographic.com,4396451,153614099.5
420,mashable.com,4398821,69180682.76
419,state.gov,4401619,181431328.2
418,linguee.com,4411987,53916165.28
417,pexels.com,4416977,268569266.4
416,biomedcentral.com,4427994,17648993.36
415,amazon.it,4432099,198434099.4
414,womenshealthmag.com,4447759,41609447.05
413,wordnik.com,4452623,29132133.07
412,mercadolivre.com.br,4457079,249650981.7
411,kiddle.co,4479020,18443225.51
410,note.com,4479241,66448081.98
409,sofascore.com,4481669,502098826
408,elespanol.com,4488556,42594381.53
407,bbcgoodfood.com,4493023,226684600.9
406,elmundo.es,4517928,149417641.1
405,lifewire.com,4518660,62644581.78
404,hm.com,4529991,156415432.9
403,mubi.com,4536058,44805995.32
402,ultimate-guitar.com,4545749,76114424.11
401,vk.com,4557722,20305519.04
400,jooble.org,4561448,23654553.37
399,cancer.gov,4563292,224434642.6
398,eventbrite.com,4576766,47732773.96
397,salary.com,4579535,20482194.03
396,southernliving.com,4612895,202146411.5
395,menshealth.com,4615009,69191462.58
394,macys.com,4618629,198948368.6
393,patch.com,4618986,19860698.9
392,dzen.ru,4623702,8606830.097
391,letterboxd.com,4637334,42343580.95
390,abebooks.com,4644119,12243433.65
389,twitch.tv,4647006,95139572.51
388,abplive.com,4653512,187266791.8
387,amazon.com.au,4662285,62438215.02
386,livemint.com,4663584,223082513.4
385,hubspot.com,4667999,128127452.4
384,india.com,4668076,123429350.9
383,standard.co.uk,4680013,45687781.75
382,rozetka.com.ua,4692282,86286457.99
381,popsugar.com,4693863,32779669.32
380,substack.com,4714453,28684539.44
379,brainly.com,4720031,35912618.21
378,behance.net,4722142,36297506.6
377,redfin.com,4755830,96064251.4
376,weather.com,4763910,1454672449
375,hubpages.com,4764685,18799434.12
374,esquire.com,4781118,53805511.67
373,prezi.com,4793707,13795749.5
372,polygon.com,4799864,33446950.24
371,pngtree.com,4822535,55439351.65
370,ft.com,4835618,53604326.84
369,loc.gov,4838007,86204991.4
368,city-data.com,4841381,20350691.69
367,letras.mus.br,4860194,106925447.6
366,travelweekly.com,4867039,42679407.32
365,radiotimes.com,4878453,67949054.15
364,encyclopedia.com,4885014,24313708.7
363,tribunnews.com,4896168,116612887.1
362,made-in-china.com,4907950,9461221.463
361,goal.com,4936369,216519439.8
360,movieweb.com,4943783,36571433.24
359,abc.net.au,4945609,44033637.26
358,lemonde.fr,4959215,76935126.73
357,un.org,4963998,115007088.2
356,airbnb.com,4964175,57014598.81
355,nasa.gov,4964581,231866492.2
354,deadline.com,4992370,55045615.57
353,kompas.com,5006854,229666534.7
352,foodnetwork.com,5015347,228407062.9
351,howstuffworks.com,5041758,109695296.5
350,olx.ua,5063974,77854937.73
349,instructables.com,5084303,44094161.99
348,houzz.com,5119345,46464796.33
347,gamesradar.com,5120737,47744594.4
346,amazon.es,5147950,140932329.7
345,healthdirect.gov.au,5161106,123225291.8
344,cookpad.com,5175091,345933820.2
343,alberta.ca,5180322,74949467.2
342,prnewswire.com,5184800,31112168.59
341,nsw.gov.au,5186503,82507285.04
340,express.co.uk,5195598,34208479.71
339,yandex.ru,5200641,27782653.39
338,wa.gov,5203689,76592331.33
337,gutefrage.net,5218300,27043520.54
336,sagepub.com,5218305,16122992.07
335,khanacademy.org,5236941,174700526.7
334,umich.edu,5240504,55657765.46
333,goodrx.com,5243904,144033869.9
332,shein.com,5256797,54556526.01
331,stanford.edu,5261953,83249295.98
330,mundodeportivo.com,5264262,94381691.29
329,indiatoday.in,5270175,178667380.1
328,thoughtco.com,5270795,86663296.74
327,betterhealth.vic.gov.au,5278169,161989928.6
326,frontiersin.org,5289952,20565245.45
325,vulture.com,5320051,73449540.55
324,mdpi.com,5338386,25965688.02
323,apkpure.com,5340653,53062652.01
322,hinative.com,5349010,27831433.13
321,goo.ne.jp,5354622,190750466.9
320,health.com,5365341,129563913.1
319,jiosaavn.com,5365673,120058361.4
318,commonsensemedia.org,5368529,61220435.22
317,tokopedia.com,5433503,313352244
316,marriott.com,5452353,289736161.6
315,pngwing.com,5466288,34200401.73
314,billboard.com,5467814,68402013.96
313,travelocity.com,5474094,98719119.13
312,mit.edu,5494579,71501709.28
311,brainly.in,5494840,76511236.43
310,prom.ua,5498511,36619605.84
309,allevents.in,5508483,11691167.41
308,tistory.com,5514621,41588052.6
307,aminoapps.com,5547974,18540000.74
306,makeuseof.com,5556406,26322759.45
305,metacritic.com,5569606,43663816.44
304,uptodown.com,5595679,181599464.2
303,mountsinai.org,5597422,200380733.4
302,theverge.com,5603578,52241649.86
301,detik.com,5609089,478364147.5
300,pagesjaunes.fr,5610794,99786321.28
299,wsj.com,5615508,91187987.73
298,thesun.co.uk,5633878,55328271.3
297,pons.com,5640634,241687468.7
296,superpages.com,5645306,5359736.952
295,doordash.com,5645446,351693830.5
294,chegg.com,5658943,19655793.21
293,ebay.ca,5678659,23589563.66
292,kidshealth.org,5687134,138284787.6
291,barnesandnoble.com,5694803,76048004.97
290,thehindu.com,5709539,208899824.5
289,texas.gov,5714010,119932856.3
288,makemytrip.com,5739664,641211774.2
287,vimeo.com,5743218,23160570.4
286,newsweek.com,5757194,46895836.29
285,statista.com,5758943,95787965.32
284,urbandictionary.com,5782935,81117172.07
283,rateyourmusic.com,5801504,25469275.21
282,libretexts.org,5802451,129242988.4
281,ndtv.com,5809040,479632132
280,musixmatch.com,5820487,24379870.22
279,unsplash.com,5837092,489246808.4
278,mercari.com,5878089,64251760.35
277,tandfonline.com,5885347,18529897.89
276,marca.com,5904235,192870407.5
275,si.com,5939083,88325155.41
274,digitaltrends.com,5940132,51521340.35
273,letras.com,5943756,88996129.06
272,mirror.co.uk,5952510,53377917.54
271,line.me,5964052,77620720.57
270,tomsguide.com,6004466,99969858.1
269,kleinanzeigen.de,6066135,67211196.72
268,cbc.ca,6085549,69438597.45
267,rollingstone.com,6098754,75869243.23
266,who.int,6099111,189991159.7
265,ranker.com,6112788,57394951.43
264,usda.gov,6116292,158222855.8
263,parade.com,6118349,203734272
262,google.co.in,6133573,407521323.6
261,accuweather.com,6143845,1170150250
260,manta.com,6164178,8378055.31
259,justwatch.com,6198845,72865657.49
258,rocketreach.co,6207512,16561916.91
257,theconversation.com,6209457,43792020.06
256,vedantu.com,6228206,196830377.5
255,news18.com,6234815,187598733.8
254,thegamer.com,6260728,35567286.14
253,elle.com,6269844,129299626.9
252,bandcamp.com,6274308,54089416.16
251,ebay.de,6277259,61998279.09
250,poshmark.com,6310060,29168613.67
249,groupon.com,6313895,215449335.8
248,lavanguardia.com,6322528,107444895.7
247,answers.com,6353438,32418397.77
246,medscape.com,6369044,130863339.4
245,cornell.edu,6370086,125997099.6
244,kayak.com,6405218,338011078.2
243,tenor.com,6414784,100944717.5
242,ldoceonline.com,6458521,59640151.15
241,wired.com,6482547,95728561.88
240,ew.com,6484728,84947439.84
239,crunchbase.com,6535500,63221574.2
238,realtor.com,6612290,227792540
237,boomplay.com,6624952,34894872.23
236,oed.com,6643921,143082068.6
235,medicinenet.com,6671863,91774148.33
234,glosbe.com,6673850,72533631.35
233,deezer.com,6681612,34989753.88
232,discogs.com,6688835,37948909.3
231,indianexpress.com,6705753,214442516.5
230,ouest-france.fr,6710577,137567241
229,ny.gov,6711871,165898018.7
228,pbs.org,6717580,90614182.55
227,depositphotos.com,6725696,28466295.35
226,allrecipes.com,6761824,711787834.9
225,uol.com.br,6802802,507453185.5
224,canada.ca,6817120,195747605.8
223,costco.com,6876991,197018890.7
222,globo.com,6881628,731015448.8
221,techradar.com,6934449,127330773.2
220,wikidata.org,6946199,35448179.81
219,elpais.com,6951956,123298965.5
218,naver.com,7061005,180608939
217,shazam.com,7097300,28567553.46
216,cnbc.com,7098891,334616645.9
215,shabdkosh.com,7099545,594025552.7
214,samsung.com,7109801,254599841.5
213,collider.com,7128856,61727932.6
212,primevideo.com,7146815,239977209.1
211,timeout.com,7245463,176838270.5
210,hopkinsmedicine.org,7250288,396486163.6
209,telegraph.co.uk,7251774,66695646.26
208,pcmag.com,7254004,130120463.9
207,tripadvisor.co.uk,7285452,442943192.3
206,amazon.co.jp,7290684,527304574.3
205,vecteezy.com,7322107,69258217.75
204,toppr.com,7348502,194262741.9
203,www.gov.uk,7374087,335314782
202,hollywoodreporter.com,7470377,76792835.35
201,ameblo.jp,7517351,108836715.7
200,msdmanuals.com,7524729,204429143.1
199,softonic.com,7534220,191444890.2
198,com.be,7534681,37256645.31
197,testbook.com,7541729,201480505.3
196,lefigaro.fr,7547358,104212287.4
195,steampowered.com,7574954,334208328.8
194,ikea.com,7630457,423605313.3
193,buzzfeed.com,7672743,73472906.23
192,cdc.gov,7713318,372628570
191,namu.wiki,7713694,308637753.1
190,bestbuy.com,7717855,345303815
189,last.fm,7719344,58640172.26
188,infobae.com,7737590,147012091.4
187,zillow.com,7769395,469260430.8
186,apnews.com,7774890,165544704.1
185,nbcnews.com,7778484,120917927.3
184,as.com,7790286,152043256.3
183,nypost.com,7833845,77192974.48
182,ubereats.com,7895193,193739907.6
181,themoviedb.org,7934301,120747483.5
180,quizlet.com,7970443,43426784.5
179,time.com,7979235,79570802.66
178,cbr.com,8014932,58014747.41
177,trustpilot.com,8017755,237322630.9
176,lowes.com,8023996,322869683.8
175,amazon.ca,8080678,230529537.4
174,go.com,8087860,254889858.5
173,studocu.com,8150470,36403357.96
172,bloomberg.com,8202161,198431239.7
171,temu.com,8229662,36744153.88
170,dnb.com,8302553,38768312.87
169,tvguide.com,8347650,204060475.9
168,rakuten.co.jp,8357293,768622290.6
167,thesaurus.com,8411828,701943582.9
166,espn.com,8416520,1737323318
165,variety.com,8416843,114021878.7
164,oxfordlearnersdictionaries.com,8422996,221307918.9
163,academia.edu,8461623,18248198.74
162,lemon8-app.com,8464628,34671491.34
161,wattpad.com,8466080,73122915
160,canva.com,8520647,507669850.8
159,wordhippo.com,8556985,197267502.7
158,craigslist.org,8563176,113712445.8
157,latimes.com,8643043,72135480.38
156,amazon.fr,8649819,283505952.5
155,ziprecruiter.com,8680289,153313979.7
154,pixabay.com,8828787,249084641.9
153,threads.net,9010539,36548999.46
152,gamerant.com,9030528,78507911.8
151,indiamart.com,9054738,214570938.4
150,company-information.service.gov.uk,9056265,116854295.6
149,economictimes.com,9169997,202044087.3
148,people.com,9170515,288237242.5
147,oup.com,9176045,38466239.43
146,goodhousekeeping.com,9278405,245713502.4
145,reuters.com,9287451,128035419.1
144,cosmopolitan.com,9356105,173330534.1
143,bbb.org,9424846,120470037.4
142,today.com,9477617,219575470.1
141,restaurantguru.com,9482222,33387442.01
140,jstor.org,9599314,35726433.19
139,verywellhealth.com,9620417,198802409.4
138,npr.org,9623743,102818593
137,expedia.com,9733306,790697259.9
136,wiley.com,9762990,39283199.84
135,agoda.com,9857490,216614041.6
134,nature.com,10031567,97261927.66
133,archive.org,10038968,64914414.8
132,tvtropes.org,10106345,55194716.69
131,medlineplus.gov,10115145,611586388.5
130,investopedia.com,10145443,682781800.6
129,justanswer.com,10211918,35748739.44
128,weebly.com,10276903,54747608.66
127,glassdoor.com,10425482,85641151.2
126,hindustantimes.com,10439598,474537504.2
125,justdial.com,10466807,568526805.2
124,gamespot.com,10556486,63456182.02
123,europa.eu,10576232,219019651.3
122,yourdictionary.com,10618850,199936169.5
121,ca.gov,10806760,286551835.3
120,issuu.com,10896544,23362098.04
119,dreamstime.com,10962983,54101100.19
118,rome2rio.com,11014576,107322733
117,www.nhs.uk,11196759,658018650
116,sportskeeda.com,11283673,112456754.5
115,kwai.com,11301651,36655108.58
114,steamcommunity.com,11350890,72465779.51
113,redbubble.com,11372661,37198526.11
112,dailymail.co.uk,11408148,109343105.3
111,msn.com,11457751,103953196.7
110,harvard.edu,11479954,242200837.9
109,zoominfo.com,11549066,36655639.46
108,stackoverflow.com,11698169,122721750.6
107,thefreedictionary.com,11699035,144091895.9
106,washingtonpost.com,11847503,106630659.3
105,goodreads.com,11885967,241866806
104,amazon.in,11890174,1192503204
103,ebay.co.uk,11896435,85484662.78
102,wikimedia.org,11902905,45042717.31
101,flipkart.com,11921047,660279764.8
100,moovitapp.com,12148437,130075095.3
99,netflix.com,12175242,808864016.5
98,cbsnews.com,12243487,181361793.1
97,homedepot.com,12317605,972430564.3
96,independent.co.uk,12338346,165545173.2
95,hotels.com,12350416,970373345.2
94,vocabulary.com,12369447,815561513.3
93,gettyimages.com,12428537,158312644.9
92,springer.com,12545916,51079694.91
91,freepik.com,12597732,375257015.8
90,deviantart.com,12663466,47347128.81
89,amazon.de,12664365,477409375.7
88,geeksforgeeks.org,12771791,492719948.9
87,rottentomatoes.com,12917014,790666921.1
86,cnet.com,13060298,213908997.7
85,waze.com,13305256,213146969.5
84,ign.com,13361069,154806649
83,yahoo.co.jp,13512761,930048363.8
82,genius.com,13538924,495772901.8
81,wikiwand.com,13653941,43854245.3
80,byjus.com,13711408,1456764528
79,tumblr.com,13989826,73439734.46
78,usnews.com,14048064,527768479.5
77,nextdoor.com,14178971,51337906.99
76,slideshare.net,14586513,102362857.9
75,bab.la,14883660,209037580.7
74,screenrant.com,14932693,140124069.8
73,alibaba.com,14973287,47721062.85
72,wordreference.com,15711128,335282721.7
71,dictionary.com,15977805,1496444943
70,yellowpages.com,16221771,44438986.86
69,medicalnewstoday.com,16366163,780289928.8
68,bbc.co.uk,16749819,669092778.8
67,clevelandclinic.org,17120989,1852383856
66,amazon.co.uk,17432790,574285354.7
65,github.com,17645893,325474360
64,istockphoto.com,17937379,567176762.2
63,target.com,17962146,514051699
62,soundcloud.com,18049177,133386932.2
61,study.com,18160219,409988981.7
60,mayoclinic.org,18263537,2052883867
59,trip.com,18664643,132926310.6
58,flickr.com,19254408,54271803.73
57,cnn.com,19570056,420782269.8
56,adobe.com,19667214,986463834.4
55,webmd.com,20328943,1513353871
54,indiatimes.com,20395018,916181583.3
53,usatoday.com,20422216,519344783.2
52,healthline.com,20665936,1415714580
51,merriam-webster.com,20754997,4399304425
50,booking.com,20783978,1480537263
49,collinsdictionary.com,21261409,1358324207
48,businessinsider.com,21341951,254269324.4
47,dailymotion.com,21613942,178185041.4
46,wikihow.com,21701275,348012462.8
45,reverso.net,22284703,686478066.4
44,foursquare.com,22510314,87972369.96
43,x.com,22747820,294404129.1
42,scribd.com,23111733,150194536.1
41,alamy.com,23596945,92472446.44
40,bbc.com,23771337,604700139.6
39,sciencedirect.com,24944225,388962324.4
38,wiktionary.org,24999100,988192552
37,theguardian.com,25212555,335613668.4
36,stackexchange.com,25393316,158474115
35,cambridge.org,26729513,3758898035
34,microsoft.com,27517646,1186684929
33,spotify.com,27631147,459734907
32,aliexpress.com,29226026,102579698.2
31,mapquest.com,30335687,263224223.8
30,forbes.com,30336101,872477975.3
29,shutterstock.com,31247611,483091342.5
28,researchgate.net,31899297,110515953.8
27,britannica.com,34453123,2771837548
26,nytimes.com,35870114,748065201.5
25,nih.gov,38412458,1520982536
24,tripadvisor.com,38502780,2736152168
23,indeed.com,41804464,1072398246
22,imdb.com,41960202,4923318624
21,walmart.com,42175896,1018060157
20,medium.com,45025214,298096299
19,yelp.com,49269407,1851107044
18,yahoo.com,53436887,1384759212
17,wordpress.com,57056050,208930501.7
16,etsy.com,57286387,555633793.8
15,ebay.com,59528296,463811965.2
14,fandom.com,63800967,2233263953
13,apple.com,68407069,3556980401
12,google.com,96992834,10885979817
11,amazon.com,105702196,4890106313
10,twitter.com,107592316,2544574429
9,linkedin.com,115517828,1839490562
8,quora.com,122967875,1690679235
7,pinterest.com,143518070,4245883819
6,instagram.com,178386206,9435982204
5,tiktok.com,188532406,1548255104
4,reddit.com,202339090,4798904634
3,wikipedia.org,256121133,38108083951
2,facebook.com,302365146,9189346998
1,youtube.com,399274841,15713103010
